Language,Average README Length
Other,6747.11475409836
Python,6558.0
JavaScript,4942.421052631579
C++,1963.5
